"","sample","characteristic","sex","Age_of_death","post_mortem_interval_min","Braak_stage","source_name","group","cluster"
"5","GSM2818026_3999337027_R05C01","Alzheimer","male",67,1320,"VI","entorhinal cortex","C",1
"6","GSM2818028_3999337027_R06C01","ctrl","male",80,3300,"II","entorhinal cortex","A",1
"9","GSM2818034_3999337016_R03C01","ctrl","female",76,1320,"II","entorhinal cortex","A",1
"10","GSM2818036_3999337016_R04C01","ctrl","female",80,1320,"II","entorhinal cortex","A",1
"20","GSM2818056_3999337055_R02C01","ctrl","female",72,2820,"I","entorhinal cortex","A",1
"25","GSM2818066_3999492090_R01C01","ctrl","female",85,2700,"II","entorhinal cortex","A",1
"28","GSM2818072_3999492090_R04C01","Alzheimer","female",75,720,"VI","entorhinal cortex","C",1
"29","GSM2818074_3999492090_R05C01","Alzheimer","male",84,4020,"VI","entorhinal cortex","C",1
"30","GSM2818076_3999492090_R06C01","ctrl","male",84,3180,"0","entorhinal cortex","A",1
"32","GSM2818080_3999492111_R02C01","Alzheimer","male",87,3060,"VI","entorhinal cortex","C",1
"34","GSM2818084_3999492111_R04C01","ctrl","male",65,1560,"I","entorhinal cortex","A",1
"35","GSM2818086_3999492111_R05C01","Alzheimer","male",85,3960,"VI","entorhinal cortex","C",1
"36","GSM2818088_3999492111_R06C01","ctrl","female",69,2880,"0","entorhinal cortex","A",1
"38","GSM2818092_3999492104_R02C01","Alzheimer","male",62,2940,"VI","entorhinal cortex","C",1
"43","GSM2818102_3999492109_R01C01","Alzheimer","male",74,930,"VI","entorhinal cortex","C",1
"45","GSM2818106_3999492109_R03C01","ctrl","male",80,1860,"II","entorhinal cortex","A",1
"50","GSM2818116_3999442036_R02C01","ctrl","female",66,3000,"0","entorhinal cortex","A",1
"53","GSM2818122_3999442036_R05C01","ctrl","male",90,2700,"0","entorhinal cortex","A",1
"54","GSM2818124_3999442036_R06C01","Alzheimer","male",80,2700,"VI","entorhinal cortex","C",1
"57","GSM2818130_3999442005_R03C01","ctrl","female",66,4680,"0","entorhinal cortex","A",1
"59","GSM2818134_3999442005_R05C01","Alzheimer","male",91,1980,"IV","entorhinal cortex","B",1
"60","GSM2818136_3999442005_R06C01","ctrl","male",68,3600,"II","entorhinal cortex","A",1
"63","GSM2818144_3999442078_R04C01","ctrl","male",85,3300,"II","entorhinal cortex","A",1
"68","GSM2818154_3999442017_R03C01","Alzheimer","male",88,2040,"V","entorhinal cortex","C",1
"69","GSM2818156_3999442017_R04C01","Alzheimer","male",71,1260,"VI","entorhinal cortex","C",1
"70","GSM2818158_3999442017_R05C01","Alzheimer","male",76,660,"V","entorhinal cortex","C",1
"74","GSM2818166_3999510117_R03C01","Alzheimer","male",83,5760,"VI","entorhinal cortex","C",1
"76","GSM2818170_3999510117_R05C01","Alzheimer","male",76,3300,"VI","entorhinal cortex","C",1
"77","GSM2818172_3999510117_R06C01","ctrl","male",58,3480,"0","entorhinal cortex","A",1
"84","GSM2818186_3999510116_R01C01","Alzheimer","male",62,1380,"VI","entorhinal cortex","C",1
"85","GSM2818188_3999510116_R02C01","Alzheimer","female",89,4320,"V","entorhinal cortex","C",1
"89","GSM2818196_3999510116_R06C01","ctrl","female",89,2580,"II","entorhinal cortex","A",1
"93","GSM2818204_3999492126_R04C01","ctrl","male",67,1500,"I","entorhinal cortex","A",1
"95","GSM2818208_3999492126_R06C01","Alzheimer","male",83,4260,"VI","entorhinal cortex","C",1
"62","GSM2818142_3999442078_R03C01","Alzheimer","male",79,1740,"IV","entorhinal cortex","B",2
"67","GSM2818152_3999442017_R02C01","Alzheimer","female",85,4020,"V","entorhinal cortex","C",2
"71","GSM2818160_3999442017_R06C01","ctrl","male",78,1440,"III","entorhinal cortex","B",2
"78","GSM2818174_3999510115_R01C01","Alzheimer","female",87,2400,"VI","entorhinal cortex","C",2
"79","GSM2818176_3999510115_R02C01","Alzheimer","male",82,1680,"IV","entorhinal cortex","B",2
"80","GSM2818178_3999510115_R03C01","Alzheimer","male",79,1440,"IV","entorhinal cortex","B",2
"81","GSM2818180_3999510115_R04C01","Alzheimer","male",88,4440,"IV","entorhinal cortex","B",2
"83","GSM2818184_3999510115_R06C01","ctrl","female",83,2340,"II","entorhinal cortex","A",2
"86","GSM2818190_3999510116_R03C01","Alzheimer","male",87,1140,"IV","entorhinal cortex","B",2
"87","GSM2818192_3999510116_R04C01","Alzheimer","male",81,3060,"IV","entorhinal cortex","B",2
"88","GSM2818194_3999510116_R05C01","Alzheimer","male",91,2280,"IV","entorhinal cortex","B",2
"94","GSM2818206_3999492126_R05C01","Alzheimer","male",92,4200,"IV","entorhinal cortex","B",2
"1","GSM2818018_3999337027_R01C01","ctrl","female",88,2340,"III","entorhinal cortex","B",3
"2","GSM2818020_3999337027_R02C01","Alzheimer","male",83,1320,"VI","entorhinal cortex","C",3
"3","GSM2818022_3999337027_R03C01","Alzheimer","female",94,900,"V","entorhinal cortex","C",3
"4","GSM2818024_3999337027_R04C01","Alzheimer","female",78,2160,"VI","entorhinal cortex","C",3
"7","GSM2818030_3999337016_R01C01","Alzheimer","male",92,1920,"VI","entorhinal cortex","C",3
"8","GSM2818032_3999337016_R02C01","Alzheimer","female",80,1320,"VI","entorhinal cortex","C",3
"11","GSM2818038_3999337016_R05C01","Alzheimer","male",86,3150,"IV","entorhinal cortex","B",3
"12","GSM2818040_3999337016_R06C01","Alzheimer","male",76,1620,"VI","entorhinal cortex","C",3
"13","GSM2818042_3999337056_R01C01","Alzheimer","female",81,4800,"VI","entorhinal cortex","C",3
"14","GSM2818044_3999337056_R02C01","Alzheimer","female",79,3780,"VI","entorhinal cortex","C",3
"15","GSM2818046_3999337056_R03C01","ctrl","female",99,1920,"III","entorhinal cortex","B",3
"16","GSM2818048_3999337056_R04C01","Alzheimer","male",77,4200,"VI","entorhinal cortex","C",3
"17","GSM2818050_3999337056_R05C01","Alzheimer","male",89,1560,"V","entorhinal cortex","C",3
"18","GSM2818052_3999337056_R06C01","ctrl","male",91,4980,"III","entorhinal cortex","B",3
"19","GSM2818054_3999337055_R01C01","Alzheimer","female",81,1200,"VI","entorhinal cortex","C",3
"21","GSM2818058_3999337055_R03C01","Alzheimer","female",97,2220,"V","entorhinal cortex","C",3
"22","GSM2818060_3999337055_R04C01","Alzheimer","male",78,1320,"VI","entorhinal cortex","C",3
"23","GSM2818062_3999337055_R05C01","Alzheimer","male",89,4560,"VI","entorhinal cortex","C",3
"24","GSM2818064_3999337055_R06C01","ctrl","male",63,1380,"0","entorhinal cortex","A",3
"26","GSM2818068_3999492090_R02C01","Alzheimer","female",88,1080,"VI","entorhinal cortex","C",3
"27","GSM2818070_3999492090_R03C01","Alzheimer","male",91,4080,"VI","entorhinal cortex","C",3
"31","GSM2818078_3999492111_R01C01","Alzheimer","female",92,960,"V","entorhinal cortex","C",3
"33","GSM2818082_3999492111_R03C01","Alzheimer","female",65,4200,"VI","entorhinal cortex","C",3
"37","GSM2818090_3999492104_R01C01","Alzheimer","female",85,2100,"V","entorhinal cortex","C",3
"39","GSM2818094_3999492104_R03C01","ctrl","female",67,3720,"II","entorhinal cortex","A",3
"40","GSM2818096_3999492104_R04C01","Alzheimer","male",85,3420,"VI","entorhinal cortex","C",3
"41","GSM2818098_3999492104_R05C01","Alzheimer","female",85,1380,"V","entorhinal cortex","C",3
"42","GSM2818100_3999492104_R06C01","ctrl","male",97,2460,"III","entorhinal cortex","B",3
"44","GSM2818104_3999492109_R02C01","Alzheimer","female",73,5460,"VI","entorhinal cortex","C",3
"46","GSM2818108_3999492109_R04C01","Alzheimer","female",70,870,"V","entorhinal cortex","C",3
"47","GSM2818110_3999492109_R05C01","ctrl","female",77,1260,"0","entorhinal cortex","A",3
"48","GSM2818112_3999492109_R06C01","Alzheimer","male",65,2280,"V","entorhinal cortex","C",3
"49","GSM2818114_3999442036_R01C01","Alzheimer","female",86,1260,"VI","entorhinal cortex","C",3
"51","GSM2818118_3999442036_R03C01","Alzheimer","female",92,1740,"III","entorhinal cortex","B",3
"52","GSM2818120_3999442036_R04C01","Alzheimer","male",70,5400,"VI","entorhinal cortex","C",3
"55","GSM2818126_3999442005_R01C01","Alzheimer","female",93,3900,"V","entorhinal cortex","C",3
"56","GSM2818128_3999442005_R02C01","Alzheimer","male",88,1980,"V","entorhinal cortex","C",3
"58","GSM2818132_3999442005_R04C01","Alzheimer","female",87,1860,"VI","entorhinal cortex","C",3
"61","GSM2818140_3999442078_R02C01","Alzheimer","female",89,3000,"V","entorhinal cortex","C",3
"64","GSM2818146_3999442078_R05C01","Alzheimer","male",68,1620,"VI","entorhinal cortex","C",3
"65","GSM2818148_3999442078_R06C01","ctrl","male",91,2820,"II","entorhinal cortex","A",3
"66","GSM2818150_3999442017_R01C01","ctrl","female",90,4980,"II","entorhinal cortex","A",3
"72","GSM2818162_3999510117_R01C01","Alzheimer","female",86,660,"VI","entorhinal cortex","C",3
"73","GSM2818164_3999510117_R02C01","Alzheimer","female",94,2520,"VI","entorhinal cortex","C",3
"75","GSM2818168_3999510117_R04C01","Alzheimer","male",80,1880,"V","entorhinal cortex","C",3
"82","GSM2818182_3999510115_R05C01","Alzheimer","male",88,5460,"V","entorhinal cortex","C",3
"90","GSM2818198_3999492126_R01C01","Alzheimer","female",78,2520,"VI","entorhinal cortex","C",3
"91","GSM2818200_3999492126_R02C01","Alzheimer","male",80,1080,"V","entorhinal cortex","C",3
"92","GSM2818202_3999492126_R03C01","Alzheimer","female",90,600,"V","entorhinal cortex","C",3
